links,images
/d/antiques/search/ata,
/d/appliances/search/ppa,
/d/arts-crafts/search/ara,
/d/atvs%2C-utvs%2C-snowmobiles/search/sna,
/d/auto-parts/search/pta,
/d/aviation/search/ava,
/d/baby-kid-stuff/search/baa,
/d/barter/search/bar,
/d/health-and-beauty/search/haa,
/d/bicycle-parts/search/bip,
/d/bicycles/search/bia,
/d/boat-parts-accessories/search/bpa,
/d/boats/search/boo,
/d/books-magazines/search/bka,
/d/business/search/bfa,
/d/cars-trucks/search/cta,
/d/cds-dvds-vhs/search/ema,
/d/cell-phones/search/moa,
/d/clothing-accessories/search/cla,
/d/collectibles/search/cba,
/d/computer-parts/search/syp,
/d/computers/search/sya,
/d/electronics/search/ela,
/d/farm-garden/search/gra,
/d/free-stuff/search/zip,
/d/furniture/search/fua,
/d/garage-moving-sales/search/gms,
/d/general-for-sale/search/foa,
/d/heavy-equipment/search/hva,
/d/household-items/search/hsa,
/d/jewelry/search/jwa,
/d/materials/search/maa,
/d/motorcycle-parts-accessories/search/mpa,
/d/motorcycles-scooters/search/mca,
/d/musical-instruments/search/msa,
/d/photo-video/search/pha,
/d/recreational-vehicles/search/rva,
/d/sporting-goods/search/sga,
/d/tickets/search/tia,
/d/tools/search/tla,
/d/toys-games/search/taa,
/d/trailers/search/tra,
/d/video-gaming/search/vga,
/d/wanted/search/waa,
/d/auto-wheels-tires/search/wta,
